salary,left
high,6.628940986257073
low,29.68835429196282
medium,20.431275209432208
