time_spend_company,left
2,1.6337854500616522
3,24.615862176004967
4,34.80641376613219
5,56.551255940257974
6,29.108635097493035
7,0.0
8,0.0
10,0.0
