Department,left
IT,22.249388753056234
RandD,15.374841168996186
accounting,26.597131681877446
hr,29.093369418132614
management,14.444444444444443
marketing,23.65967365967366
product_mng,21.951219512195124
sales,24.492753623188406
support,24.89905787348587
technical,25.624999999999996
